{
    "owmenu.love" : "LV",
    "owmenu.hp" : "HP",
    "owmenu.hpvalues" : "{$0}/{$1}",
    "owmenu.at" : "AT",
    "owmenu.df" : "DF",
    "owmenu.gold" : "G",
    "owmenu.gold_alt" : "GOLD",
    "owmenu.weapon" : "WEAPON",
    "owmenu.armor" : "ARMOR",
    "owmenu.exp" : "EXP",
    "owmenu.next" : "NEXT",
    "owmenu.item" : "ITEM",
    "owmenu.stat" : "STAT",
    "owmenu.cell" : "CELL",
    "item.use.heal.part" : "* You ate the `$0`.#* You recovered `$1` HP!",
    "item.use.heal.all" : "* You ate the `$0`.#* Your HP was maxed out.",
    "item.equip" : "* You equipped the `$0`",
    "item.drop" : [
        "* The `$0` was#  thrown away.",
        "* You bid a quiet farewell#  to the {$0}.",
        "* You put the `$0`#  on the ground and gave it a#  little pat.",
        "* You threw the `$0`#  on the ground like a piece#  of trash it is.",
        "* You abandoned the#  {$0}."
    ],
    "call.ringing" : "* (Ring,`p1` ring...)",
    "call.end" : "* (Click.)",
    "call.contacts.papyrus.0.0" : "HELLO HUMAN!`p1`#IT IS I,`p1` THE#GREAT PAPYRUS!",
    "call.contacts.papyrus.0.1" : "YOU WANTED TO TEST#MY CALL?",
    "call.contacts.papyrus.0.2" : "OH,`p1` YES,`p1` I#JUST WANT TO SAY#ONE THING!",
    "call.contacts.papyrus.0.3" : "FEATURE ME IN#THE GAME,`p1`#LAZYBONES!"
}